"0","library(here) # permet de détailler les chemins de fichiers de manière robuste et portable, ce qui est utile pour rendre le  code plus reproductible lorsqu'il est exécuté sur différentes machines. "
"0","library(readxl) #  utilisée pour lire des données à partir de fichiers Excel (.xlsx et .xls) de manière efficace et simple. "
"0","chemin_fichier<-here::here(""data/Base TP2.xlsx"")# Définition du chemin relatif au fichier ""Base TP2.xlsx"" en utilisant la fonction here::here()"
"0","base_Tp2<-read_excel(chemin_fichier)#  Lecture du fichier Excel spécifié par le chemin relatif et stockage dans l'objet 'base_Tp2'"
"0","head(base_Tp2)"
