{"chunk_definitions":[{"row":9,"row_count":1,"visible":true,"expansion_state":0,"options":{"engine":"r","label":"setup","include":false,"dev":"png"},"document_id":"337B2D1F","chunk_id":"csetup_chunk","chunk_label":"setup"},{"row":18,"row_count":1,"visible":true,"expansion_state":0,"options":{"engine":"r","label":"unnamed-chunk-236","dev":"png"},"document_id":"337B2D1F","chunk_id":"c07pxpa4njvn2","chunk_label":"unnamed-chunk-1"},{"row":24,"row_count":1,"visible":true,"expansion_state":0,"options":{"engine":"r","label":"unnamed-chunk-235","dev":"png"},"document_id":"337B2D1F","chunk_id":"cz8yfhb3bvojy","chunk_label":"unnamed-chunk-2"},{"row":54,"row_count":1,"visible":true,"expansion_state":0,"options":{"engine":"r","label":"unnamed-chunk-245","dev":"png"},"document_id":"337B2D1F","chunk_id":"c5nvjfpuv94mt","chunk_label":"unnamed-chunk-3"},{"row":118,"row_count":1,"visible":true,"expansion_state":0,"options":{"engine":"r","label":"unnamed-chunk-267","dev":"png"},"document_id":"337B2D1F","chunk_id":"cflt4fkrivwak","chunk_label":"unnamed-chunk-4"}],"doc_write_time":1712967086,"working_dir":null,"default_chunk_options":{"echo":true}}