"0","# Charger les bibliothèques nécessaires"
"0","library(dplyr)"
"0","library(labelled)"
"0","# Ici nous renommons la variables criteres_var car nous pensons que il y a eu confusion avec la variable sup_tot"
"0","# # Renommer la colonne 'criteres_var' en 'sup_tot' si elle existe dans la base de données 'base_Tp2'"
"0","if (""criteres_var"" %in% colnames(base_Tp2)) {"
"0","  base_Tp2 <- base_Tp2 %>%"
"0","    rename(sup_tot = criteres_var)  # Utiliser 'rename()' pour renommer la variable"
"0","} else {"
"0","  # Si la colonne n'existe pas, vous pouvez la créer avec le nouveau nom"
"0","  base_Tp2 <- base_Tp2 %>%"
"0","    mutate(sup_tot = criteres_var)"
"0","}"
"1","[1m[33mError[39m in `mutate()`:[22m
[38;5;255m[36mℹ[38;5;255m In argument: `sup_tot = criteres_var`.[39m
[1mCaused by error:[22m
[33m![39m objet 'criteres_var' introuvable
Backtrace:
[90m 1. [39mbase_Tp2 %>% mutate(sup_tot = criteres_var)
[90m 3. [39m[1m[94mdplyr:::mutate.data.frame([39m[22m., sup_tot = criteres_var[1m[94m)[39m[22m
[90m 4. [39mdplyr:::mutate_cols(.data, dplyr_quosures(...), by)
[90m 6. [39mdplyr:::mutate_col(dots[[i]], data, mask, new_columns)
[90m 7. [39mmask$eval_all_mutate(quo)
[90m 8. [39m[1mdplyr[22m (local) eval()
"
