"0",""
"0","# Recoder la variable ""sexe"""
"0","base_Tp2$sexe <- recode(base_Tp2$sexe, '1' = 'Homme', '2' = 'Femme')"
"0",""
"0","# Recoder la variable ""sit_mat"""
"0","base_Tp2$sit_mat <- recode(base_Tp2$sit_mat, '1' = 'Marié(e)', '3' = 'Veuf(ve)', '4' = 'Divorcé(e)', '5' = 'Séparé(e)', '6' = 'Célibataire')"
"0",""
"0","# Recoder la variable ""si_chef_men"""
"0","base_Tp2$si_chef_men <- recode(base_Tp2$si_chef_men, '1' = 'Femme du chef de ménage', '2' = 'Chef de ménage', '3' = 'Fils/fille du chef de ménage', '99' = 'Autres')"
"0",""
"0","# Recoder la variable ""ethnie"""
"0","base_Tp2$ethnie <- recode(base_Tp2$ethnie, '1' = 'Wolof', '2' = 'Pulaar/Toucouleur', '3' = 'Sérère', '4' = 'Mandika/Bambara', '5' = 'Soninké', '6' = 'Diola', '7' = 'Manjack', '8' = 'Bainouk', '9' = 'Maures', '10' = 'Balante', '77' = 'Autre')"
"0",""
"0","# Recodage de la variable ""Occupation"""
"0","base_Tp2$occupation <- ifelse(is.na(base_Tp2$occupation),"
"0","                               'pas de teponse',  # Si la valeur est manquante, mettre pas de reponse"
"0","                               ifelse(base_Tp2$occupation == '1', 'Agriculture, Elevage, Sylviculture, Pêche',"
"0","                                      ifelse(base_Tp2$occupation == '2', 'Activités extractives',"
"0","                                             ifelse(base_Tp2$occupation == '3', 'Activités de fabrication (Artisanat)',"
"0","                                                    ifelse(base_Tp2$occupation == '4', 'Activité de transformation',"
"0","                                                           ifelse(base_Tp2$occupation == '5', ""Production et distribution d'électricité et de gaz"","
"0","                                                                  ifelse(base_Tp2$occupation == '6', ""Production et distribution d'eau, assainissement, traitement des déchets et dépollution"","
"0","                                                                         base_Tp2$occupation)))))))"
"0",""
"0","# Recodage de la variable ""Niveau d'alphabétisation"""
"0","base_Tp2$niveau_alphabs <- ifelse(is.na(base_Tp2$niveau_alphabs), 'pas de réponse',"
"0","                                  ifelse(base_Tp2$niveau_alphabs == '0', 'Sans niveau',"
"0","                                         ifelse(base_Tp2$niveau_alphabs == '1', 'Sait lire dans une langue',"
"0","                                                'Sait lire et écrire dans une langue')))"
"0",""
"0","# Recodage de la variable ""Formation"""
"0","base_Tp2$formation <- recode(base_Tp2$formation, '1' = 'Non scolarisé', '2' = 'Élémentaire', '3' = 'Moyen', '4' = 'Secondaire', '5' = 'Licence', '6' = 'Master', '7' = 'Doctorat', '99' = 'Ne sait pas')"
"0",""
"0","# Recodage de la variable ""types de variétés"""
"0","base_Tp2$types_varietes <- ifelse(base_Tp2$types_varietes== 1, 'traditionneles', 'améliorées')"
"0","# Recodage de la variable types_varietes_1"
"0","base_Tp2$types_varietes_1 <- ifelse(base_Tp2$types_varietes_1== 1, 'oui', 'non')"
"0","# Recodage de la variable types_varietes_2"
"0","base_Tp2$types_varietes_2 <- ifelse(base_Tp2$types_varietes_2== 1, 'oui', 'non')"
"0","# Création d'un vecteur contenant le nom des variables à recoder"
"0","variables_a_recoder <- paste0(""criteres_var_"", 1:16)"
"0",""
"0","# Boucle pour recoder les variables criteres_var_1 à criteres_var_16"
"0","for (variable in variables_a_recoder) {"
"0","  base_Tp2[[variable]] <- ifelse(base_Tp2[[variable]] == 1, 'oui', 'non')"
"0","}"
"0","class(base_Tp2$sup_tot)"
"1","[1]"
"1"," ""numeric"""
"1","
"
"0","# Convertir en numérique en excluant les NA"
"0","base_Tp2$sup_tot <- as.numeric(base_Tp2$sup_tot)"
"0","class(base_Tp2$sup_tot)"
"1","[1]"
"1"," ""numeric"""
"1","
"
"0","# Gérer les NA résultants de la conversion"
"0","# Calculer la médiane sans les NA"
"0","moyenne<- mean(base_Tp2$sup_tot, na.rm = TRUE)"
"0",""
"0","# Remplacer les NA par la médiane"
"0","base_Tp2$sup_tot[is.na(base_Tp2$sup_tot)] <- moyenne"
"0","View(base_Tp2)"
